__v,_id,buyOrders,buyPrice,buyVolume,id,name,sellOrders,sellPrice,sellVolume
0,614ba102afe1ed4d9d5b5c09,74,2539.7,19352,SPOOKY_SHARD,Spooky Shard,20,1883.0453662362736,99022
0,614ba102afe1ed4d9d5b5c15,100,6.095949449125081,781448,INK_SACK:4,Ink Sack:4,51,3.9,2643445
0,614ba102afe1ed4d9d5b5c2a,149,1249380.9289855072,2839,JERRY_BOX_PURPLE,Jerry Box Purple,30,1073133.7788819876,16090
0,614ba102afe1ed4d9d5b5c40,55,5.691245477095329,497270,RAW_BEEF,Raw Beef,18,3.0088549804192115,650942
0,614ba102afe1ed4d9d5b5c5c,81,150,2816702,TARANTULA_WEB,Tarantula Web,169,113.08179011247152,4427133
0,614ba102afe1ed4d9d5b5c67,569,2173.5625112917796,230207,SLUDGE_JUICE,Sludge Juice,32,2011.0468860000697,326421
0,614ba102afe1ed4d9d5b5c84,70,5642.369264069264,32333,ENCHANTED_EYE_OF_ENDER,Enchanted Eye Of Ender,139,5008.560777487671,140368
0,614ba102afe1ed4d9d5b5c91,18,98627.1891402715,8908,ECTOPLASM,Ectoplasm,37,77984.00153846154,5299
0,614ba102afe1ed4d9d5b5c9c,69,2.6998001920232504,1869319,CARROT_ITEM,Carrot Item,51,1.8,2995035
0,614ba102afe1ed4d9d5b5cb2,99,2.6712724662731255,3139059,SUGAR_CANE,Sugar Cane,48,1.7646668753405441,2833160
0,614ba102afe1ed4d9d5b5cbd,38,11,457915,MAGMA_CREAM,Magma Cream,10,7.1000000000000005,379911
0,614ba102afe1ed4d9d5b5cc9,62,8.9,1482673,SHARK_BAIT,Shark Bait,17,6.8,916697
0,614ba102afe1ed4d9d5b5cd7,135,60999.999348109515,15649,RED_GIFT,Red Gift,67,58682.79950909091,263375
0,614ba102afe1ed4d9d5b5cdc,363,247.55395094619465,757752,ENCHANTED_POTATO,Enchanted Potato,68,195.64766827053037,1503872
0,614ba102afe1ed4d9d5b5cfc,81,1598.8231805654793,496490,ENCHANTED_MITHRIL,Enchanted Mithril,38,1563.8131215489423,290640
0,614ba102afe1ed4d9d5b5d13,185,19.553153978115727,2247244,BROWN_MUSHROOM,Brown Mushroom,18,5.8,333651
0,614ba102afe1ed4d9d5b5d1d,104,187875.75159420288,8186,JERRY_BOX_BLUE,Jerry Box Blue,12,176172.4,473
0,614ba103afe1ed4d9d5b5d29,111,39.0722977809592,209186,EXP_BOTTLE,Exp Bottle,36,35.5,568939
0,614ba103afe1ed4d9d5b5d3d,510,756.9642842215256,425453,ENCHANTED_RAW_BEEF,Enchanted Raw Beef,100,603.4531765263177,812836
0,614ba103afe1ed4d9d5b5d57,88,478.6846769582619,78805,ENCHANTED_FEATHER,Enchanted Feather,23,455.69999999999993,166756
0,614ba103afe1ed4d9d5b5d6a,18,3.9,616527,INK_SACK:3,Ink Sack:3,23,2.1490986075341567,907172
0,614ba103afe1ed4d9d5b5d90,79,910.8295892707459,87617,ENCHANTED_SLIME_BALL,Enchanted Slime Ball,11,814.3,344021
0,614ba103afe1ed4d9d5b5d9a,30,357416.88049792533,21175,ENCHANTED_SLIME_BLOCK,Enchanted Slime Block,38,124003.432010582,28932
0,614ba103afe1ed4d9d5b5db4,210,1198.5716557796081,503334,ENCHANTED_OAK_LOG,Enchanted Oak Log,81,1100.1547348092972,1078097
0,614ba103afe1ed4d9d5b5dcd,197,45.66461833057708,206645,RABBIT_HIDE,Rabbit Hide,13,32.9,826766
0,614ba103afe1ed4d9d5b5ddf,199,127764.11431044432,50970,JERRY_BOX_GREEN,Jerry Box Green,94,106497.53964351567,23821
0,614ba103afe1ed4d9d5b5dee,227,7848.406855345912,214805,WHITE_GIFT,White Gift,70,7365.519288182692,366567
0,614ba103afe1ed4d9d5b5e0c,71,25999.3,32090,FINE_SAPPHIRE_GEM,Fine Sapphire Gem,46,25577.065625813168,9388
0,614ba103afe1ed4d9d5b5e20,114,4198.880672268908,50333,ENCHANTED_RED_MUSHROOM,Enchanted Red Mushroom,52,3817.9480479148183,69860
0,614ba103afe1ed4d9d5b5e31,310,38.96921724865245,976387,NETHER_STALK,Nether Stalk,73,5.894376389190635,3615315
0,614ba103afe1ed4d9d5b5e47,69,5.8,825729,RABBIT,Rabbit,18,3.4074534899259104,489661
0,614ba103afe1ed4d9d5b5e5f,71,15.199044462360774,592505,SULPHUR,Sulphur,53,9.320841749003767,1821942
0,614ba103afe1ed4d9d5b5e6a,77,42044.07692307692,29971,ENCHANTED_GOLDEN_CARROT,Enchanted Golden Carrot,145,34704.99246231156,66580
0,614ba103afe1ed4d9d5b5e78,141,1290.9485232067511,481842,DARK_BAIT,Dark Bait,46,934.5954954555531,313141
0,614ba103afe1ed4d9d5b5e89,115,301,1283815,ENCHANTED_CARROT,Enchanted Carrot,224,221.40408586032083,8536230
0,614ba103afe1ed4d9d5b5e99,55,29885.22855614973,12641,ENCHANTED_RABBIT_HIDE,Enchanted Rabbit Hide,67,24881.402314814815,57570
0,614ba103afe1ed4d9d5b5eaa,106,881.553879728419,94659,ENCHANTED_PUMPKIN,Enchanted Pumpkin,24,825.7002227454974,424740
0,614ba104afe1ed4d9d5b5ebe,64,49798.5,52514,GRIFFIN_FEATHER,Griffin Feather,54,46271.063983322645,148155
0,614ba104afe1ed4d9d5b5eca,188,7.984805409146569,1096344,ROTTEN_FLESH,Rotten Flesh,56,6.455923286999755,3258817
0,614ba104afe1ed4d9d5b5edd,135,324.45046838407495,245015,FLAWED_AMETHYST_GEM,Flawed Amethyst Gem,85,301.067264329419,2234576
0,614ba104afe1ed4d9d5b5ef8,94,354877.8627192983,10156,ENCHANTED_COOKED_FISH,Enchanted Cooked Fish,62,328511.9984031936,22742
0,614ba104afe1ed4d9d5b5f08,87,13.953038433940716,2294371,OBSIDIAN,Obsidian,61,11.222757599034345,2603099
0,614ba104afe1ed4d9d5b5f1b,38,9189223.095714284,1107,PERFECT_JADE_GEM,Perfect Jade Gem,67,3434938.859938838,30690
0,614ba104afe1ed4d9d5b5f34,49,23163.729090909095,18372,SOULFLOW,Soulflow,223,19993.23471810089,99041
0,614ba104afe1ed4d9d5b5f4d,59,16.68683621566633,287182,MINNOW_BAIT,Minnow Bait,7,10.8,166887
0,614ba104afe1ed4d9d5b5f75,169,401.5273679615889,405451,ENCHANTED_BIRCH_LOG,Enchanted Birch Log,29,321.73711405166983,793098
0,614ba104afe1ed4d9d5b5f79,95,1299.9938173174871,226928,ENCHANTED_MAGMA_CREAM,Enchanted Magma Cream,48,1275.0056171280826,587354
0,614ba104afe1ed4d9d5b5f8a,31,156298.49833333332,3120,ENCHANTED_FIREWORK_ROCKET,Enchanted Firework Rocket,55,123001.63884615386,12723
0,614ba104afe1ed4d9d5b5f9c,140,94,1597356,STARFALL,Starfall,57,67.8,1779076
0,614ba104afe1ed4d9d5b5fac,72,5.697478338810875,1168323,HARD_STONE,Hard Stone,179,3.820355348933179,12302981
0,614ba104afe1ed4d9d5b5fd1,47,1599994.9589041097,1650,FLAWLESS_JADE_GEM,Flawless Jade Gem,121,1422440.2605839416,3342
0,614ba104afe1ed4d9d5b6000,64,360.7192212912765,59333,FLAWED_TOPAZ_GEM,Flawed Topaz Gem,89,335.6724138477383,2621783
0,614ba104afe1ed4d9d5b600c,111,40.84875954867194,318423,LEATHER,Leather,83,33.1,1369612
0,614ba105afe1ed4d9d5b6017,75,140637.51221719457,10803,ENCHANTED_COOKED_MUTTON,Enchanted Cooked Mutton,39,124501.13449541287,23563
0,614ba105afe1ed4d9d5b602c,74,27668.497783933515,11306,FINE_AMETHYST_GEM,Fine Amethyst Gem,45,25900.90953326713,16093
0,614ba105afe1ed4d9d5b603f,81,239186.85669291337,4922,REFINED_TITANIUM,Refined Titanium,150,214162.03116279072,10845
0,614ba105afe1ed4d9d5b6053,38,639,82801,ENCHANTED_RABBIT,Enchanted Rabbit,59,577.2993206710107,1422755
0,614ba105afe1ed4d9d5b6068,54,76875.68746331237,16327,MUTANT_NETHER_STALK,Mutant Nether Stalk,74,76023.33605000001,67286
0,614ba105afe1ed4d9d5b607c,51,63.75972962680884,249436,ENCHANTED_BREAD,Enchanted Bread,21,52.457746365753756,473055
0,614ba105afe1ed4d9d5b608e,323,1082345.221818182,1567,FUMING_POTATO_BOOK,Fuming Potato Book,44,1065000.0076923077,3211
0,614ba105afe1ed4d9d5b60aa,39,82998.94148148148,2677,FINE_JASPER_GEM,Fine Jasper Gem,112,80684,27974
0,614ba105afe1ed4d9d5b60c1,88,1147.4560798548096,23406,ENCHANTED_CHARCOAL,Enchanted Charcoal,63,900,269528
0,614ba105afe1ed4d9d5b60d5,66,322.0048104300914,263886,FLAWED_SAPPHIRE_GEM,Flawed Sapphire Gem,3,304.30191394562246,61663
0,614ba105afe1ed4d9d5b60e1,19,1976690.3,256,FLAWLESS_AMBER_GEM,Flawless Amber Gem,15,1841754.781818182,543
0,614ba105afe1ed4d9d5b60f5,172,3367.193468468469,107892,ENCHANTED_BLAZE_POWDER,Enchanted Blaze Powder,37,3015.1786821705423,375857
0,614ba105afe1ed4d9d5b6105,744,1340637.5899082564,5163,SUMMONING_EYE,Summoning Eye,166,1303445.4339130437,14317
0,614ba105afe1ed4d9d5b6118,9,12830953.6,53,PERFECT_SAPPHIRE_GEM,Perfect Sapphire Gem,127,2396539.3441414884,29326
0,614ba106afe1ed4d9d5b6128,60,90.90870095527039,1444226,FISH_BAIT,Fish Bait,45,71.3,1292965
0,614ba106afe1ed4d9d5b613b,80,5.789414218893741,1035600,SNOW_BLOCK,Snow Block,29,3.0890428234606033,1531387
0,614ba106afe1ed4d9d5b614f,78,32018.090943877552,31253,ENCHANTED_BAKED_POTATO,Enchanted Baked Potato,75,29891.506035446273,172139
0,614ba106afe1ed4d9d5b6172,35,9120.886363636364,765,COMPACTOR,Compactor,185,7981.150000000001,4608
0,614ba106afe1ed4d9d5b617d,257,1285.9933086451283,379020,ENCHANTED_DIAMOND,Enchanted Diamond,82,1279.2773807923577,2272843
0,614ba106afe1ed4d9d5b618d,0,0,0,BAZAAR_COOKIE,Bazaar Cookie,0,0,0
0,614ba233afe1ed4d9d5c09af,223,2252.255950828832,191414,ENCHANTED_GUNPOWDER,Enchanted Gunpowder,49,1953.4784739884394,145798
0,614ba233afe1ed4d9d5c09c7,71,176.97890158264332,588964,ENCHANTED_MELON,Enchanted Melon,19,160.3,1079819
0,614ba233afe1ed4d9d5c09da,89,382.43817718291905,160757,ENCHANTED_SUGAR,Enchanted Sugar,57,315.1092996540524,1745437
0,614ba233afe1ed4d9d5c09ee,161,1.0890693069306931,5688832,CACTUS,Cactus,27,0.7,1162892
0,614ba234afe1ed4d9d5c0a01,81,483295.49038062285,39963,ENCHANTED_BLAZE_ROD,Enchanted Blaze Rod,124,452420.12036799314,116610
0,614ba234afe1ed4d9d5c0a15,310,990.0025267993874,162085,FLAWED_JASPER_GEM,Flawed Jasper Gem,51,975.4,1081556
0,614ba234afe1ed4d9d5c0a2b,37,12199.630769230771,523,ENCHANTED_CAKE,Enchanted Cake,17,5121.269918699187,3807
0,614ba234afe1ed4d9d5c0a3e,80,5.183914849220522,632592,PUMPKIN,Pumpkin,89,4.2,5311254
0,614ba234afe1ed4d9d5c0a51,148,1085.7544159544161,74591,ENCHANTED_BROWN_MUSHROOM,Enchanted Brown Mushroom,36,682.9169014084508,243680
0,614ba234afe1ed4d9d5c0a64,103,3.1989155251141552,719789,WHEAT,Wheat,59,2.4,3195728
0,614ba234afe1ed4d9d5c0a78,49,707.4969348659004,36372,NURSE_SHARK_TOOTH,Nurse Shark Tooth,47,471.9669565217391,134474
0,614ba234afe1ed4d9d5c0a95,73,322.595724847316,99400,FLAWED_AMBER_GEM,Flawed Amber Gem,17,43.638497415857806,377290
0,614ba234afe1ed4d9d5c0aa9,104,1893.4585136406397,44958,ENCHANTED_RAW_SALMON,Enchanted Raw Salmon,20,1579.0017942583731,288802
0,614ba234afe1ed4d9d5c0ac4,45,5936.1316865417375,5695,ENCHANTED_GLISTERING_MELON,Enchanted Glistering Melon,26,4460.7,89615
0,614ba234afe1ed4d9d5c0ada,96,4.9,1243717,PRISMARINE_SHARD,Prismarine Shard,22,3.5010238352093466,1088299
0,614ba234afe1ed4d9d5c0aee,260,1040.354872673849,180563,ENCHANTED_EMERALD,Enchanted Emerald,65,967.9392026675247,551026
0,614ba234afe1ed4d9d5c0b03,94,2797.2282222222225,16230,PROTECTOR_FRAGMENT,Protector Fragment,45,2422.566445916115,46234
0,614ba234afe1ed4d9d5c0b19,331,899.4125515947468,211480,ENCHANTED_SPIDER_EYE,Enchanted Spider Eye,218,798.6439441090433,3173163
0,614ba235afe1ed4d9d5c0b2e,303,20.156132526282256,305763,RED_MUSHROOM,Red Mushroom,51,15.9607333056166,2140075
0,614ba235afe1ed4d9d5c0b3a,47,4097.800374882849,46710,GRAND_EXP_BOTTLE,Grand Exp Bottle,223,3882.2035121951217,104429
0,614ba235afe1ed4d9d5c0b50,82,18.7,824441,MUTTON,Mutton,14,14.4,217951
0,614ba235afe1ed4d9d5c0b62,91,25866.1,24822,ENCHANTED_MELON_BLOCK,Enchanted Melon Block,30,25383.6,72056
0,614ba235afe1ed4d9d5c0b90,41,99834.46133032694,5249,POWER_CRYSTAL,Power Crystal,133,83225.63993127148,22983
0,614ba235afe1ed4d9d5c0ba8,201,198.62508143322472,213061,RAW_SOULFLOW,Raw Soulflow,100,189.76993429893983,638891
0,614ba235afe1ed4d9d5c0be7,136,8.6,1032313,DIAMOND,Diamond,129,7.836268491292708,7491220
0,614ba235afe1ed4d9d5c0c29,34,31857.700000000004,1366,WISE_FRAGMENT,Wise Fragment,60,26449.905466666667,17039
0,614ba235afe1ed4d9d5c0c44,100,952.1487770077457,201586,SHARK_FIN,Shark Fin,218,226.80016586326647,861628
0,614ba235afe1ed4d9d5c0c61,58,8.697820150278742,509561,COBBLESTONE,Cobblestone,19,6.550579250870175,532868
0,614ba235afe1ed4d9d5c0c75,48,372155.55526315793,1804,REFINED_MITHRIL,Refined Mithril,223,357420.0160655738,15238
0,614ba235afe1ed4d9d5c0c8a,74,15.325669682828943,3262134,RAW_FISH,Raw Fish,85,12.841822487644153,4191421
0,614ba235afe1ed4d9d5c0c9e,55,5.294124539413842,1025475,SPIDER_EYE,Spider Eye,52,3.0421564359309246,3308437
0,614ba236afe1ed4d9d5c0cb1,10,10400858.885714287,137,PERFECT_RUBY_GEM,Perfect Ruby Gem,89,4391693.999086162,37133
0,614ba236afe1ed4d9d5c0cc4,110,2399.5425567238517,56267,ENCHANTED_PUFFERFISH,Enchanted Pufferfish,35,2359.4154956350326,157956
0,614ba236afe1ed4d9d5c0cd8,94,548.5780405405405,45896,YOGGIE,Yoggie,12,395.5371763754045,90089
0,614ba236afe1ed4d9d5c0cef,36,35782385.35384615,305,PERFECT_JASPER_GEM,Perfect Jasper Gem,195,502940.8939169308,2398483
0,614ba236afe1ed4d9d5c0d02,34,3.996600741656366,621571,POTATO_ITEM,Potato Item,30,2.1365340525960894,1575504
0,614ba236afe1ed4d9d5c0d16,104,511.9960134432971,134499,ENCHANTED_NETHERRACK,Enchanted Netherrack,13,500.3107068172312,136543
0,614ba236afe1ed4d9d5c0d29,68,38324.70111111111,13224,ENCHANTED_HUGE_MUSHROOM_1,Enchanted Huge Mushroom 1,81,31989.94247211896,25694
0,614ba236afe1ed4d9d5c0d3d,150,2975.9959390862946,56561,ENCHANTED_HARD_STONE,Enchanted Hard Stone,65,2790.710000277631,571293
0,614ba236afe1ed4d9d5c0d52,32,499999.09705882345,896,REFINED_DIAMOND,Refined Diamond,65,124285.11214304922,809940
0,614ba236afe1ed4d9d5c0d6e,182,1242.2216820340877,157124,ENCHANTED_COBBLESTONE,Enchanted Cobblestone,199,1200.870028824643,1637698
0,614ba236afe1ed4d9d5c0d81,22,499988.14333333337,609,TIGHTLY_TIED_HAY_BALE,Tightly Tied Hay Bale,18,492946.9,910
0,614ba236afe1ed4d9d5c0d95,16,61494,2983,ENCHANTED_HUGE_MUSHROOM_2,Enchanted Huge Mushroom 2,173,35358.01721249048,47118
0,614ba236afe1ed4d9d5c0daa,81,13.1,903479,PORK,Pork,28,11.099999999999998,1228206
0,614ba236afe1ed4d9d5c0dbe,85,5.355829304574192,2942366,PRISMARINE_CRYSTALS,Prismarine Crystals,60,4.900923378086391,3642115
0,614ba237afe1ed4d9d5c0dd1,123,8.871196866466223,978774,ICE,Ice,42,6.243920029646804,2406237
0,614ba237afe1ed4d9d5c0df2,37,20995.6,26681,TIGER_SHARK_TOOTH,Tiger Shark Tooth,49,15029.934200385356,50076
0,614ba237afe1ed4d9d5c0e0a,123,44.84383269312846,100289,HUGE_MUSHROOM_1,Huge Mushroom 1,43,44.7,568806
0,614ba237afe1ed4d9d5c0e1e,104,46.066283936044634,362003,ICE_BAIT,Ice Bait,13,33,594128
0,614ba237afe1ed4d9d5c0e32,51,69.07881950646899,147552,HUGE_MUSHROOM_2,Huge Mushroom 2,15,52.211624789336604,660887
0,614ba237afe1ed4d9d5c0e48,41,2.3,964001,LOG_2:1,Log 2:1,20,1.4754201360295238,667281
0,614ba237afe1ed4d9d5c0e5c,198,596.227504178273,795282,ENCHANTED_SNOW_BLOCK,Enchanted Snow Block,73,590.1543524416136,642490
0,614ba237afe1ed4d9d5c0e71,184,7.243315132605304,773482,STRING,String,18,4.811557732991871,820793
0,614ba237afe1ed4d9d5c0e8f,78,105699.49285262491,10214,GOLDEN_TOOTH,Golden Tooth,38,98095.12829153606,61980
0,614ba237afe1ed4d9d5c0ea6,52,151690.9,9502,HYPER_CATALYST,Hyper Catalyst,35,140716.5277601523,116093
0,614ba237afe1ed4d9d5c0ebc,27,9.86875,46855,RABBIT_FOOT,Rabbit Foot,25,9,1086780
0,614ba237afe1ed4d9d5c0ed2,85,1.7607715727454682,1471647,REDSTONE,Redstone,66,0.9,3562543
0,614ba237afe1ed4d9d5c0ee5,201,1519985.1142857142,3446,JERRY_BOX_GOLDEN,Jerry Box Golden,113,1309419.811827957,3648
0,614ba238afe1ed4d9d5c0efa,65,44442.24705882353,5179,PUMPKIN_GUTS,Pumpkin Guts,14,38940.6139088729,5387
0,614ba238afe1ed4d9d5c0f0d,68,1448.2651162790698,62327,ENCHANTED_CACTUS_GREEN,Enchanted Cactus Green,124,1089.4,240208
0,614ba238afe1ed4d9d5c0f26,439,3864000.2222826085,8870,BOOSTER_COOKIE,Booster Cookie,610,3792815.6519801985,9150
0,614ba238afe1ed4d9d5c0f3d,0,0,0,ENCHANTED_CARROT_ON_A_STICK,Enchanted Carrot On A Stick,0,0,0
0,614ba238afe1ed4d9d5c0f63,52,948.2932084309134,42362,ENCHANTED_ENDSTONE,Enchanted Endstone,54,840.3700893533243,223983
0,614ba238afe1ed4d9d5c0f92,118,40232.98806818182,18321,ENCHANTED_LAPIS_LAZULI_BLOCK,Enchanted Lapis Lazuli Block,249,39026.552577167335,141418
0,614ba238afe1ed4d9d5c0fce,40,72386.12402597403,6799,ENCHANTED_COOKIE,Enchanted Cookie,40,61483.45697858842,76491
0,614ba238afe1ed4d9d5c0fe5,31,979994.8949790795,600,COLOSSAL_EXP_BOTTLE,Colossal Exp Bottle,65,65799.65089617656,104431
0,614ba238afe1ed4d9d5c1006,87,494.9,159228,ENCHANTED_SAND,Enchanted Sand,60,408.3862954690491,380214
0,614ba238afe1ed4d9d5c1021,108,1284.5725102880658,139796,ENCHANTED_STRING,Enchanted String,44,1209.5,859722
0,614ba238afe1ed4d9d5c1036,39,27411.498837209303,1272,STRONG_FRAGMENT,Strong Fragment,119,22952.612965964345,30552
0,614ba238afe1ed4d9d5c104b,51,16.5,1314251,SLIME_BALL,Slime Ball,54,13.012039379498344,2342110
0,614ba238afe1ed4d9d5c105e,139,2500.7558378705385,31805,HOLY_FRAGMENT,Holy Fragment,85,2325.3866022099446,211121
0,614ba238afe1ed4d9d5c1076,93,0.5986600721196477,2424458,SNOW_BALL,Snow Ball,65,0.24337816108756027,3873234
0,614ba239afe1ed4d9d5c108a,60,371.76760150690666,90109,ENCHANTED_ACACIA_LOG,Enchanted Acacia Log,20,320.1,422932
0,614ba239afe1ed4d9d5c10a2,79,1706.65,12882,ENCHANTED_EGG,Enchanted Egg,53,1371.5,567251
0,614ba239afe1ed4d9d5c10b9,68,4.486676409080602,891665,SAND,Sand,21,2.6172789539227894,638808
0,614ba239afe1ed4d9d5c10cc,68,319.991071730217,273420,FLAWED_RUBY_GEM,Flawed Ruby Gem,31,311.8505072969595,938147
0,614ba239afe1ed4d9d5c10e9,34,26167.6,5480,FINE_JADE_GEM,Fine Jade Gem,62,25156.443080423385,55417
0,614ba239afe1ed4d9d5c10fd,23,2299990.4125,380,SOUL_FRAGMENT,Soul Fragment,38,2015542.8540983608,2875
0,614ba239afe1ed4d9d5c1114,78,4.5,804721,RAW_CHICKEN,Raw Chicken,14,3.6,502348
0,614ba239afe1ed4d9d5c1128,17,6498999.875,151,PLASMA_BUCKET,Plasma Bucket,183,5822953.042857142,2420
0,614ba239afe1ed4d9d5c113c,106,316.887715568155,151152,ANCIENT_CLAW,Ancient Claw,73,209.3,529500
0,614ba239afe1ed4d9d5c1157,25,6737093.083636363,360,FLAWLESS_JASPER_GEM,Flawless Jasper Gem,41,4063375.2186379945,71974
0,614ba239afe1ed4d9d5c116a,349,628.3198115711252,341372,ENCHANTED_LAPIS_LAZULI,Enchanted Lapis Lazuli,52,585.5237955037749,863169
0,614ba239afe1ed4d9d5c117f,187,276.2676417888617,1334925,ENCHANTED_GHAST_TEAR,Enchanted Ghast Tear,65,205.3023556860089,1871513
0,614ba239afe1ed4d9d5c1192,59,480,347146,ENCHANTED_COCOA,Enchanted Cocoa,42,459.6530174391923,1065898
0,614ba23aafe1ed4d9d5c11a6,37,30542.84157894737,7375,FINE_TOPAZ_GEM,Fine Topaz Gem,106,28708.48589981447,26633
0,614ba23aafe1ed4d9d5c11b9,69,30,810413,CARROT_BAIT,Carrot Bait,21,19.3,336606
0,614ba23aafe1ed4d9d5c11cc,84,25986.9,24200,FINE_RUBY_GEM,Fine Ruby Gem,11,25078.2,22141
0,614ba23aafe1ed4d9d5c11e3,98,0.4999160701843289,1894792,SEEDS,Seeds,38,0.3,2149667
0,614ba23aafe1ed4d9d5c11ff,160,5200,131300,ENCHANTED_LEATHER,Enchanted Leather,80,4967.875673005085,177181
0,614ba23aafe1ed4d9d5c1213,12,23131.6,1213,ENCHANTED_SHARK_FIN,Enchanted Shark Fin,89,17028.774227642276,13821
0,614ba23aafe1ed4d9d5c1226,197,1987.154548749547,112635,ENCHANTED_SPONGE,Enchanted Sponge,24,1951.3,435472
0,614ba23aafe1ed4d9d5c123b,64,7400564.318018017,4900,PERFECT_AMBER_GEM,Perfect Amber Gem,87,5336301.44853229,22957
0,614ba23aafe1ed4d9d5c1250,76,33.476559925177035,335599,HAY_BLOCK,Hay Block,52,27.7,1826876
0,614ba23aafe1ed4d9d5c1267,49,16.988526699161067,574455,FLINT,Flint,28,13.939886934673366,1269488
0,614ba23aafe1ed4d9d5c127e,159,1081.1847894406035,79016,INK_SACK,Ink Sack,19,981.4733728346743,367066
0,614ba23aafe1ed4d9d5c1293,118,1416.0999999999997,265073,ENCHANTED_ROTTEN_FLESH,Enchanted Rotten Flesh,47,1316.242174293209,286875
0,614ba23aafe1ed4d9d5c12a6,119,446.3799944135193,458298,WOLF_TOOTH,Wolf Tooth,45,401.2,1496745
0,614ba23aafe1ed4d9d5c12c9,179,1355.7258796821793,145854,ENCHANTED_SPRUCE_LOG,Enchanted Spruce Log,25,1110.8047948164146,264243
0,614ba23bafe1ed4d9d5c12dc,35,196396.20000000004,1858,ENCHANTED_GRILLED_PORK,Enchanted Grilled Pork,87,164002.00095693782,11805
0,614ba23bafe1ed4d9d5c12f2,18,499.70000000000005,164266,ENCHANTED_NETHER_STALK,Enchanted Nether Stalk,57,474.1,2789855
0,614ba23bafe1ed4d9d5c1305,92,36474.40267175573,21201,ENCHANTED_REDSTONE_BLOCK,Enchanted Redstone Block,99,33673.86314303639,111730
0,614ba23bafe1ed4d9d5c131c,92,179751.19970414205,25776,ENCHANTED_QUARTZ_BLOCK,Enchanted Quartz Block,40,176268.1046444122,16116
0,614ba23bafe1ed4d9d5c132f,19,6117.6,8903,ENCHANTED_ANCIENT_CLAW,Enchanted Ancient Claw,39,4818.5,76124
0,614ba23bafe1ed4d9d5c1343,246,808.1079466119097,241352,GREEN_CANDY,Green Candy,58,800.6443589551681,1693394
0,614ba23bafe1ed4d9d5c1361,86,249.50069156010227,414338,ENCHANTED_REDSTONE,Enchanted Redstone,148,212.8020967606931,2150185
0,614ba23bafe1ed4d9d5c1382,51,60282.30243902439,9864,ENCHANTED_REDSTONE_LAMP,Enchanted Redstone Lamp,20,46452.52342342342,1910
0,614ba23bafe1ed4d9d5c1397,69,21739.362020905926,13500,TREASURITE,Treasurite,47,18395.737609520074,30627
0,614ba23bafe1ed4d9d5c13cf,87,730959.9071428571,653,DWARVEN_COMPACTOR,Dwarven Compactor,54,692500.591935484,1784
0,614ba23bafe1ed4d9d5c13ea,156,1068499.9989583334,3148,GREAT_WHITE_SHARK_TOOTH,Great White Shark Tooth,48,965451.7,1788
0,614ba23bafe1ed4d9d5c13ff,70,5.6,986482,GRAVEL,Gravel,29,3.204241849097811,1187782
0,614ba23bafe1ed4d9d5c1413,59,9.8,1031041,MELON,Melon,92,6.714295893895627,4589108
0,614ba23bafe1ed4d9d5c1426,89,237385.09333333332,3272,ENCHANTED_LAVA_BUCKET,Enchanted Lava Bucket,199,226006.72857142857,6986
0,614ba23cafe1ed4d9d5c143b,145,204494.69416058395,4854,ENCHANTED_PACKED_ICE,Enchanted Packed Ice,80,72034.48217378752,142169
0,614ba23cafe1ed4d9d5c144f,111,15.187774692103355,474302,RAW_FISH:3,Raw Fish:3,24,13,725650
0,614ba23cafe1ed4d9d5c1466,84,400.69421813403414,15969,ENCHANTED_PRISMARINE_SHARD,Enchanted Prismarine Shard,8,400,180854
0,614ba23cafe1ed4d9d5c1479,311,6246406.266666667,564,RECOMBOBULATOR_3000,Recombobulator 3000,560,5969270.587783375,38452
0,614ba23cafe1ed4d9d5c148c,132,256087.00594594594,8160,ENCHANTED_IRON_BLOCK,Enchanted Iron Block,66,245155.9468497576,26104
0,614ba23cafe1ed4d9d5c14a1,30,18999,489,ENCHANTED_CARROT_STICK,Enchanted Carrot Stick,41,7006.900390625,2648
0,614ba23cafe1ed4d9d5c14ad,88,2.516171601266661,1588040,BONE,Bone,12,1.8000000000000003,343787
0,614ba23cafe1ed4d9d5c14b9,31,19.780522862723494,186565,RAW_FISH:2,Raw Fish:2,31,18.900506998310004,1139673
0,614ba23cafe1ed4d9d5c14d1,16,11.3,186082,RAW_FISH:1,Raw Fish:1,19,9,1052994
0,614ba23cafe1ed4d9d5c14ea,310,1.563857136643826,10814969,REVENANT_FLESH,Revenant Flesh,60,1,3672947
0,614ba23cafe1ed4d9d5c1504,55,76476.57404682275,15736,ENCHANTED_GLOWSTONE,Enchanted Glowstone,65,73479.01553902059,79970
0,614ba23cafe1ed4d9d5c1511,44,2247.7073170731705,26231,ENCHANTED_PORK,Enchanted Pork,63,1916.281193615545,172861
0,614ba23cafe1ed4d9d5c1525,26,10.85,175515,ROUGH_JASPER_GEM,Rough Jasper Gem,36,9,2417167
0,614ba23dafe1ed4d9d5c1536,73,3.9625054182921544,451383,FEATHER,Feather,31,2.2,1700163
0,614ba23dafe1ed4d9d5c154a,394,2060.9868536585363,397599,WHALE_BAIT,Whale Bait,85,1778.2224804363293,922490
0,614ba23dafe1ed4d9d5c155d,36,3.6000000000000005,380955,NETHERRACK,Netherrack,39,2.127238733488734,2273973
0,614ba23dafe1ed4d9d5c1573,65,53.89106826677159,169515,SPONGE,Sponge,21,47.335762195121944,563487
0,614ba23dafe1ed4d9d5c1587,172,47.295999672997795,814060,BLAZE_ROD,Blaze Rod,95,44.8,1380975
0,614ba23dafe1ed4d9d5c159b,65,405.5,210771,ENCHANTED_DARK_OAK_LOG,Enchanted Dark Oak Log,18,320.2013078032259,421277
0,614ba23dafe1ed4d9d5c15ae,83,5882.4,15005,YOUNG_FRAGMENT,Young Fragment,437,5167.0678305851925,149872
0,614ba23dafe1ed4d9d5c15c2,17,2459300,59,FLAWLESS_TOPAZ_GEM,Flawless Topaz Gem,197,2202372.692592593,842
0,614ba23dafe1ed4d9d5c15d5,26,3246.877192982456,4762,ENCHANTED_CLOWNFISH,Enchanted Clownfish,29,3173.940369209335,90435
0,614ba23dafe1ed4d9d5c15f1,30,34469.89989754098,16284,REFINED_MINERAL,Refined Mineral,44,32301.534908604546,31050
0,614ba23dafe1ed4d9d5c1605,240,1246.3984599797368,729041,ENCHANTED_GOLD,Enchanted Gold,68,1209.1,822619
0,614ba23dafe1ed4d9d5c1619,62,685.2543058685217,422579,ENCHANTED_RAW_CHICKEN,Enchanted Raw Chicken,12,624.4,66807
0,614ba23dafe1ed4d9d5c162f,92,25665.1015936255,58099,ENCHANTED_WATER_LILY,Enchanted Water Lily,31,23221.11006993007,26256
0,614ba23dafe1ed4d9d5c1642,16,4.152875434505214,260709,ROUGH_AMETHYST_GEM,Rough Amethyst Gem,16,2.8,953713
0,614ba23eafe1ed4d9d5c1656,19,4.1,565298,ROUGH_RUBY_GEM,Rough Ruby Gem,28,2.8,1729999
0,614ba23eafe1ed4d9d5c1669,55,7.904923254029163,419825,LOG:1,Log:1,61,5.979893199352057,3603916
0,614ba23eafe1ed4d9d5c167d,102,37259.50638297872,4421,NULL_ATOM,Null Atom,26,33337.94897516277,98347
0,614ba23eafe1ed4d9d5c1693,25,2096564.6000000003,138,FLAWLESS_RUBY_GEM,Flawless Ruby Gem,54,2007475.9740740743,686
0,614ba23eafe1ed4d9d5c16a6,84,46.988039494352606,407731,TITANIUM_ORE,Titanium Ore,64,37,3468237
0,614ba23eafe1ed4d9d5c16b9,20,1043.7,13494,BLUE_SHARK_TOOTH,Blue Shark Tooth,34,653.006288178225,116240
0,614ba23eafe1ed4d9d5c16cc,66,120623.78387096776,4378,CATALYST,Catalyst,35,119001.90000000001,100742
0,614ba23eafe1ed4d9d5c16f4,43,5.599924016969543,642503,LOG:3,Log:3,12,3.2999999999999994,448349
0,614ba23eafe1ed4d9d5c1707,26,2.4620240846612336,554336,LOG:2,Log:2,7,1.1,294244
0,614ba23eafe1ed4d9d5c171b,202,261.5334555453712,289998,BLESSED_BAIT,Blessed Bait,57,168.10102521358615,1157486
0,614ba23eafe1ed4d9d5c1734,153,568.146255506608,610346,ENCHANTED_GLOWSTONE_DUST,Enchanted Glowstone Dust,44,522.9,520984
0,614ba23eafe1ed4d9d5c1749,20,86750.49436619718,3046,ENCHANTED_INK_SACK,Enchanted Ink Sack,64,78705.4361516035,15417
0,614ba23eafe1ed4d9d5c175e,15,189999.77272727274,277,ENCHANTED_CACTUS,Enchanted Cactus,95,108121.58363892806,62033
0,614ba23eafe1ed4d9d5c1770,126,52721.2101997897,23170,ENCHANTED_SUGAR_CANE,Enchanted Sugar Cane,85,52378.92850340136,147133
0,614ba23fafe1ed4d9d5c1788,59,2231204.5,583,FLAWLESS_SAPPHIRE_GEM,Flawless Sapphire Gem,8,2100001,31
0,614ba23fafe1ed4d9d5c17ce,102,256189.6214285714,3795,ENCHANTED_COOKED_SALMON,Enchanted Cooked Salmon,20,251236.130740276,16856
0,614ba23fafe1ed4d9d5c17e3,11,79,2057,ENCHANTED_SEEDS,Enchanted Seeds,17,70.54801153430253,406309
0,614ba23fafe1ed4d9d5c17f5,35,1853744.4515151514,426,CONCENTRATED_STONE,Concentrated Stone,113,1579737.6321100916,5449
0,614ba23fafe1ed4d9d5c180e,99,6.999516501153576,2456268,LOG,Log,98,6.5,4382354
0,614ba23fafe1ed4d9d5c182c,96,9432.297711864407,44178,JACOBS_TICKET,Jacobs Ticket,135,8912.918248532289,301884
0,614ba23fafe1ed4d9d5c183f,41,94988.97770552716,11992,ENCHANTED_BONE_BLOCK,Enchanted Bone Block,104,52059.238709677426,41656
0,614ba23fafe1ed4d9d5c1854,64,38.899699226582634,92558,GHAST_TEAR,Ghast Tear,41,30.5,1210125
0,614ba23fafe1ed4d9d5c186a,107,12404.953256704983,9991,ABSOLUTE_ENDER_PEARL,Absolute Ender Pearl,33,11002.901624622546,298111
0,614ba23fafe1ed4d9d5c1888,222,147.74854396381113,161435,ENCHANTED_ENDER_PEARL,Enchanted Ender Pearl,53,129.42250219207165,819929
0,614ba23fafe1ed4d9d5c18a4,225,2502.2870129870125,19517,UNSTABLE_FRAGMENT,Unstable Fragment,75,2335.5,107916
0,614ba23fafe1ed4d9d5c18ba,152,9228.969995289684,76115,PURPLE_CANDY,Purple Candy,29,9000,295676
0,614ba23fafe1ed4d9d5c18e5,36,153772.03513513514,1797,POLISHED_PUMPKIN,Polished Pumpkin,37,137895.40445475138,14024
0,614ba23fafe1ed4d9d5c190e,96,67488.7597826087,21176,ENCHANTED_FERMENTED_SPIDER_EYE,Enchanted Fermented Spider Eye,44,62184.315636588384,52272
0,614ba240afe1ed4d9d5c1921,25,78.7,211491,SPIKED_BAIT,Spiked Bait,43,41.674995087889,849649
0,614ba240afe1ed4d9d5c1934,228,141981.69889502763,76156,ENCHANTED_GOLD_BLOCK,Enchanted Gold Block,130,134474.33901905656,157843
0,614ba240afe1ed4d9d5c194c,26,4.140895669291338,180215,ROUGH_JADE_GEM,Rough Jade Gem,30,2.3,1888779
0,614ba240afe1ed4d9d5c195f,153,847.98235424436,866640,ENCHANTED_JUNGLE_LOG,Enchanted Jungle Log,51,748.0630128701374,355078
0,614ba240afe1ed4d9d5c1972,221,2563.508953805961,364841,ENCHANTED_FLINT,Enchanted Flint,39,2440.3,297349
0,614ba240afe1ed4d9d5c1986,61,10.1,359967,IRON_INGOT,Iron Ingot,99,8.5,5507738
0,614ba240afe1ed4d9d5c1999,23,161498.3837837838,5221,ENCHANTED_EMERALD_BLOCK,Enchanted Emerald Block,115,151048.3215986678,244915
0,614ba240afe1ed4d9d5c19ae,33,415263.39308900526,2530,NULL_OVOID,Null Ovoid,31,134128.31433359795,82797
0,614ba240afe1ed4d9d5c19ca,179,476.2604595115681,589982,ENCHANTED_CLAY_BALL,Enchanted Clay Ball,98,472.0519404375403,1851869
0,614ba240afe1ed4d9d5c19de,13,4.199250393186135,327213,ROUGH_SAPPHIRE_GEM,Rough Sapphire Gem,33,1.7,2147480
0,614ba240afe1ed4d9d5c19f1,32,19.5,315079,GLOWSTONE_DUST,Glowstone Dust,73,14.141865127196601,1582036
0,614ba240afe1ed4d9d5c1a05,74,7.914952731471458,691406,GOLD_INGOT,Gold Ingot,19,6.6,845445
0,614ba240afe1ed4d9d5c1a1a,102,43390.168269230766,59271,REVENANT_VISCERA,Revenant Viscera,72,42423.925157232705,121447
0,614ba241afe1ed4d9d5c1a41,20,10530214.92857143,1427,PERFECT_AMETHYST_GEM,Perfect Amethyst Gem,48,1415831.6947081713,30053
0,614ba241afe1ed4d9d5c1a54,11,109998.88278145695,7310,TARANTULA_SILK,Tarantula Silk,82,100501.8,28710
0,614ba241afe1ed4d9d5c1a6b,61,244390.91818181818,11424,TITANIC_EXP_BOTTLE,Titanic Exp Bottle,69,236776.80000000002,5376
0,614ba241afe1ed4d9d5c1a84,375,2658.5925588157547,337307,ENCHANTED_MUTTON,Enchanted Mutton,34,2409.2002318550676,219622
0,614ba241afe1ed4d9d5c1a97,445,2666.1506289715994,361725,NULL_SPHERE,Null Sphere,630,2571.9193561371653,5790413
0,614ba241afe1ed4d9d5c1aac,104,252292.05861027192,15934,SUPER_EGG,Super Egg,42,234960.70797101452,5143
0,614ba241afe1ed4d9d5c1ac0,138,1587.967634043429,872818,ENCHANTED_IRON,Enchanted Iron,89,1512.3166585246704,628908
0,614ba241afe1ed4d9d5c1ad3,152,609888.902,2103,SUPER_COMPACTOR_3000,Super Compactor 3000,824,594262.3553903345,12717
0,614ba241afe1ed4d9d5c1aef,77,816642.0438923397,19617,STOCK_OF_STONKS,Stock Of Stonks,89,710197.484742647,189890
0,614ba241afe1ed4d9d5c1b04,43,10.839127747859099,443566,MITHRIL_ORE,Mithril Ore,65,9.068608920949131,3764505
0,614ba241afe1ed4d9d5c1b18,49,4451.4,22177,ENCHANTED_HAY_BLOCK,Enchanted Hay Block,82,4245.60229604299,57459
0,614ba241afe1ed4d9d5c1b2f,90,469.43689880723355,101964,ENCHANTED_PAPER,Enchanted Paper,25,334.00732779677577,211205
0,614ba241afe1ed4d9d5c1b42,457,588.5567741935484,252362,ENCHANTED_BONE,Enchanted Bone,112,474.20479415347137,867991
0,614ba241afe1ed4d9d5c1b54,79,7129.525217391305,110430,ENCHANTED_TITANIUM,Enchanted Titanium,106,6776.004514799551,247650
0,614ba242afe1ed4d9d5c1b68,151,205286.22456344587,34795,ENCHANTED_DIAMOND_BLOCK,Enchanted Diamond Block,665,195499.89908884102,4078388
0,614ba242afe1ed4d9d5c1ba3,179,24.17089894606324,387036,SPOOKY_BAIT,Spooky Bait,22,13.7,652749
0,614ba242afe1ed4d9d5c1bbb,109,165294.3,3257,SUPERIOR_FRAGMENT,Superior Fragment,83,151055.0074520717,157135
0,614ba242afe1ed4d9d5c1bd0,39,2456580.513888889,198,MAGMA_BUCKET,Magma Bucket,310,2071205.3933333333,2780
0,614ba242afe1ed4d9d5c1be3,65,7.808754374722728,961871,EMERALD,Emerald,30,5.309007993441279,1327373
0,614ba242afe1ed4d9d5c1bf7,100,3667.191798941799,29267,ENCHANTED_RABBIT_FOOT,Enchanted Rabbit Foot,228,2283.66532079646,495890
0,614ba242afe1ed4d9d5c1c0c,61,76,165553,LIGHT_BAIT,Light Bait,88,40,880149
0,614ba242afe1ed4d9d5c1c23,317,35550.33448275862,6635,HOT_POTATO_BOOK,Hot Potato Book,181,34446.72608695652,5680
0,614ba242afe1ed4d9d5c1c36,150,1317.0525577557755,58757,ENCHANTED_ICE,Enchanted Ice,172,1201.8295283340274,951096
0,614ba242afe1ed4d9d5c1c51,436,4.364069615401957,1522881,CLAY_BALL,Clay Ball,42,2,2596866
0,614ba242afe1ed4d9d5c1c66,120,3798.179286798179,16890,OLD_FRAGMENT,Old Fragment,20,2960.708627626285,77689
0,614ba242afe1ed4d9d5c1c7a,109,13118.538259109313,22079,GREEN_GIFT,Green Gift,40,11542.933140703519,178724
0,614ba242afe1ed4d9d5c1c8e,50,2002449.1199999999,218,FLAWLESS_AMETHYST_GEM,Flawless Amethyst Gem,143,1810128.3052631577,1210
0,614ba242afe1ed4d9d5c1ca1,109,4.078856557976313,1005241,ROUGH_TOPAZ_GEM,Rough Topaz Gem,43,3.028011167910335,2788605
0,614ba243afe1ed4d9d5c1cb5,234,59.086601077535725,196339,PACKED_ICE,Packed Ice,79,56.62701716908882,2873756
0,614ba243afe1ed4d9d5c1ccb,234,4.316098745447187,1011430,ROUGH_AMBER_GEM,Rough Amber Gem,7,2.2,267949
0,614ba243afe1ed4d9d5c1ce3,62,149.72693977211068,157943,WATER_LILY,Water Lily,63,131.9,2488901
0,614ba243afe1ed4d9d5c1cf6,26,2.1999046029096117,422619,LOG_2,Log 2,18,1.2,796167
0,614ba243afe1ed4d9d5c1d0b,50,22687.19907359753,52357,HAMSTER_WHEEL,Hamster Wheel,28,20847.189119170984,105934
0,614ba243afe1ed4d9d5c1d1f,75,26967.93635235732,39416,FINE_AMBER_GEM,Fine Amber Gem,41,25600.522321428572,1946
0,614ba243afe1ed4d9d5c1d33,305,1913.2741442833371,782938,ENCHANTED_OBSIDIAN,Enchanted Obsidian,70,1878.1421600183933,807496
0,614ba243afe1ed4d9d5c1d44,151,689.2443796566246,134234,ENCHANTED_COAL,Enchanted Coal,85,644.4073481755819,1006445
0,614ba243afe1ed4d9d5c1d53,259,1132.536376489598,230691,ENCHANTED_QUARTZ,Enchanted Quartz,117,1042.3,1439156
0,614ba243afe1ed4d9d5c1d6c,217,4.220260469626467,5995158,COAL,Coal,108,3.548953304551867,6275686
0,614ba243afe1ed4d9d5c1d7f,150,7.334950608775557,3211103,ENDER_PEARL,Ender Pearl,32,5.227132794592515,1146531
0,614ba243afe1ed4d9d5c1d8f,58,113998.3906976744,5821,ENCHANTED_COAL_BLOCK,Enchanted Coal Block,123,110062.01220285262,25654
0,614ba243afe1ed4d9d5c1da6,70,33261.12962962963,12325,WEREWOLF_SKIN,Werewolf Skin,63,22380.218774373257,123232
0,614ba244afe1ed4d9d5c1db8,136,400.64002943340694,25131,ENCHANTED_PRISMARINE_CRYSTALS,Enchanted Prismarine Crystals,6,400,162420
0,614ba244afe1ed4d9d5c1dc9,39,11999993.971428571,266,PERFECT_TOPAZ_GEM,Perfect Topaz Gem,148,1083119.8634307256,98517
0,614ba244afe1ed4d9d5c1df0,21,24988218.60714286,144,DAEDALUS_STICK,Daedalus Stick,67,21876205.066666666,1779
0,614ba244afe1ed4d9d5c1e0b,59,83979.2,13557,ENCHANTED_WET_SPONGE,Enchanted Wet Sponge,24,80000.1021611002,14220
0,614ba244afe1ed4d9d5c1e26,44,319.61675956893345,124395,FLAWED_JADE_GEM,Flawed Jade Gem,85,284.199107976524,3147409
0,614ba244afe1ed4d9d5c1e3a,326,2468.5522218087085,483702,ENCHANTED_RAW_FISH,Enchanted Raw Fish,39,2303.8,551828
0,614ba244afe1ed4d9d5c1e4d,16,6.695853398522223,198810,ENDER_STONE,Ender Stone,41,4.621153673432729,2304901
0,614ba244afe1ed4d9d5c1e61,38,25359.092316647264,11191,FOUL_FLESH,Foul Flesh,34,24740.88235672891,59893
0,614ba244afe1ed4d9d5c1e77,40,12.5,535271,QUARTZ,Quartz,44,9.913520849054308,1042336
0,61897d16ef783fa0d4d5060b,66,56230.22576064909,3025,GOBLIN_EGG_YELLOW,Goblin Egg Yellow,18,43628.8,2523
0,61897d16ef783fa0d4d50750,72,7118.7,12168,CHEESE_FUEL,Cheese Fuel,26,6574.930026572188,98127
0,61897d17ef783fa0d4d5098f,76,17434.3887477314,3062,GOBLIN_EGG_RED,Goblin Egg Red,11,15914.182941176472,7847
0,61897d17ef783fa0d4d50a21,62,832247.3333333334,142,GOBLIN_EGG_BLUE,Goblin Egg Blue,58,442926.82849447127,151198
0,61897d18ef783fa0d4d50c00,53,10498.704216867469,7466,GOBLIN_EGG_GREEN,Goblin Egg Green,90,8002.5,80541
0,61897d18ef783fa0d4d50c30,26,8652.835616438355,3212,ARACHNE_KEEPER_FRAGMENT,Arachne Keeper Fragment,21,6495.605181898847,22920
0,61897d18ef783fa0d4d50c4b,219,91512.92089552237,23749,WORM_MEMBRANE,Worm Membrane,128,89246.25457875458,38202
0,61897d18ef783fa0d4d50ce2,121,7978.4557945041815,41031,GOBLIN_EGG,Goblin Egg,342,7116.769925646432,331266
0,61897d19ef783fa0d4d50e3c,55,1524.6380998080613,30108,SOUL_STRING,Soul String,26,1102.8,184795